sample_count,container_count,cpu_avg,mem_avg_gb,rx_bytes,tx_bytes,errors
44,13,1.7839795454545453,1.8527129674472724,78636610.0,81365600.0,[]
