{
    "metrics": {
        "data_sent": {
            "count": 4570291,
            "rate": 25302.81075046177
        },
        "http_req_connecting": {
            "avg": 0.006002975638904212,
            "min": 0,
            "med": 0,
            "max": 27.019995,
            "p(90)": 0,
            "p(95)": 0
        },
        "http_req_receiving": {
            "med": 0.1639645,
            "max": 9.117764,
            "p(90)": 0.4079105,
            "p(95)": 0.546713,
            "avg": 0.22195186500275857,
            "min": 0.018904
        },
        "data_received": {
            "count": 9284291,
            "rate": 51401.247344034644
        },
        "http_req_duration": {
            "med": 2.6664275,
            "max": 228.516091,
            "p(90)": 10.762588000000001,
            "p(95)": 14.34965825,
            "avg": 4.735147029876809,
            "min": 0.143721,
            "thresholds": {
                "p(95)<5000": false
            }
        },
        "http_req_failed": {
            "passes": 0,
            "fails": 21756,
            "thresholds": {
                "rate<0.20": false
            },
            "value": 0
        },
        "http_req_blocked": {
            "max": 27.164242,
            "p(90)": 0.014815499999999999,
            "p(95)": 0.017994,
            "avg": 0.01764763467549192,
            "min": 0.001637,
            "med": 0.008141
        },
        "iterations": {
            "count": 4816,
            "rate": 26.663146082869535
        },
        "vus_max": {
            "value": 80,
            "min": 80,
            "max": 80
        },
        "http_req_sending": {
            "p(90)": 0.1004255,
            "p(95)": 0.12214375,
            "avg": 0.05539123648648693,
            "min": 0.005881,
            "med": 0.045309,
            "max": 4.899801
        },
        "iteration_duration": {
            "avg": 2509.3076104007487,
            "min": 1009.682753,
            "med": 3016.92169,
            "max": 4066.456076,
            "p(90)": 3031.1312399999997,
            "p(95)": 3036.3993527499997
        },
        "http_req_waiting": {
            "avg": 4.457803928387572,
            "min": 0,
            "med": 2.3869255000000003,
            "max": 227.339976,
            "p(90)": 10.418519499999999,
            "p(95)": 13.88036975
        },
        "checks": {
            "passes": 21756,
            "fails": 0,
            "value": 1
        },
        "http_reqs": {
            "count": 21756,
            "rate": 120.44921224645132
        },
        "http_req_duration{expected_response:true}": {
            "max": 228.516091,
            "p(90)": 10.762588000000001,
            "p(95)": 14.34965825,
            "avg": 4.735147029876809,
            "min": 0.143721,
            "med": 2.6664275
        },
        "http_req_tls_handshaking": {
            "avg": 0,
            "min": 0,
            "med": 0,
            "max": 0,
            "p(90)": 0,
            "p(95)": 0
        },
        "vus": {
            "value": 3,
            "min": 2,
            "max": 80
        }
    },
    "setup_data": {
        "queueId": "6b0d5226-9b79-4c2c-b3a0-d3b072e9c754"
    },
    "root_group": {
        "checks": {
            "entry accepted or conflict": {
                "path": "::entry accepted or conflict",
                "id": "959345e670ba79c4970687a101b8a750",
                "passes": 4816,
                "fails": 0,
                "name": "entry accepted or conflict"
            },
            "entry read": {
                "name": "entry read",
                "path": "::entry read",
                "id": "f236687bac44898458c17f06f0392a9d",
                "passes": 16783,
                "fails": 0
            },
            "reservation confirmed": {
                "path": "::reservation confirmed",
                "id": "d868d662b29353116d7ac664feea98d9",
                "passes": 153,
                "fails": 0,
                "name": "reservation confirmed"
            }
        },
        "name": "",
        "path": "",
        "id": "d41d8cd98f00b204e9800998ecf8427e",
        "groups": {
            "setup": {
                "checks": {
                    "login ok": {
                        "name": "login ok",
                        "path": "::setup::login ok",
                        "id": "65474b9d4039908543e738715d924333",
                        "passes": 1,
                        "fails": 0
                    },
                    "resource created": {
                        "id": "3631397648c6c9c3f770d731d5dbfb9a",
                        "passes": 1,
                        "fails": 0,
                        "name": "resource created",
                        "path": "::setup::resource created"
                    },
                    "queue created": {
                        "id": "98455998b2e49b6c74a1696228365220",
                        "passes": 1,
                        "fails": 0,
                        "name": "queue created",
                        "path": "::setup::queue created"
                    },
                    "queue open": {
                        "id": "e4c0ab04b7fde7bda8d173c2cca72af1",
                        "passes": 1,
                        "fails": 0,
                        "name": "queue open",
                        "path": "::setup::queue open"
                    }
                },
                "name": "setup",
                "path": "::setup",
                "id": "5c0f8025f7e0b6654089e5b00e950f1a",
                "groups": {}
            }
        }
    }
}