{
  "sample_count": 45,
  "container_count": 7,
  "cpu_avg": 0.5562666666666667,
  "mem_avg_gb": 0.7810812331804445,
  "rx_bytes": 55339600.0,
  "tx_bytes": 59791560.0,
  "errors": []
}