{
  "sample_count": 44,
  "container_count": 7,
  "cpu_avg": 0.6730522727272727,
  "mem_avg_gb": 0.8028000330472728,
  "rx_bytes": 53945640.0,
  "tx_bytes": 58348490.0,
  "errors": []
}