sample_count,container_count,cpu_avg,mem_avg_gb,rx_bytes,tx_bytes,errors
46,5,0.24623043478260873,0.44938297344000006,26152020.0,27635200.0,[]
