{
    "metrics": {
        "http_req_connecting": {
            "med": 0,
            "max": 4.069301,
            "p(90)": 0,
            "p(95)": 0,
            "avg": 0.005590163323566977,
            "min": 0
        },
        "data_sent": {
            "count": 2804227,
            "rate": 15338.975041490901
        },
        "http_reqs": {
            "count": 13311,
            "rate": 72.81047389433358
        },
        "http_req_tls_handshaking": {
            "min": 0,
            "med": 0,
            "max": 0,
            "p(90)": 0,
            "p(95)": 0,
            "avg": 0
        },
        "http_req_blocked": {
            "p(95)": 0.015039,
            "avg": 0.015071221921718954,
            "min": 0.00165,
            "med": 0.006764,
            "max": 4.634028,
            "p(90)": 0.012032
        },
        "http_req_duration{expected_response:true}": {
            "avg": 15.217984721057633,
            "min": 2.262637,
            "med": 7.371264,
            "max": 999.134046,
            "p(90)": 24.683497,
            "p(95)": 32.952587
        },
        "checks": {
            "passes": 13311,
            "fails": 0,
            "value": 1
        },
        "vus": {
            "min": 10,
            "max": 40,
            "value": 10
        },
        "http_req_sending": {
            "max": 4.339166,
            "p(90)": 0.070258,
            "p(95)": 0.087139,
            "avg": 0.04674976440537918,
            "min": 0.006484,
            "med": 0.038699
        },
        "http_req_waiting": {
            "p(90)": 24.442193,
            "p(95)": 32.455249,
            "avg": 14.973057064232686,
            "min": 2.165182,
            "med": 7.148049,
            "max": 996.594678
        },
        "data_received": {
            "rate": 31044.16308179674,
            "count": 5675404
        },
        "http_req_duration": {
            "avg": 15.217984721057633,
            "min": 2.262637,
            "med": 7.371264,
            "max": 999.134046,
            "p(90)": 24.683497,
            "p(95)": 32.952587,
            "thresholds": {
                "p(95)<5000": false
            }
        },
        "http_req_receiving": {
            "avg": 0.19817789241980355,
            "min": 0.023501,
            "med": 0.140345,
            "max": 13.506194,
            "p(90)": 0.324441,
            "p(95)": 0.463931
        },
        "iteration_duration": {
            "max": 4418.938783,
            "p(90)": 3058.6171345000002,
            "p(95)": 3077.21964805,
            "avg": 2323.463804087989,
            "min": 2025.312025,
            "med": 2047.899046
        },
        "iterations": {
            "count": 3114,
            "rate": 17.033417151750793
        },
        "vus_max": {
            "max": 40,
            "value": 40,
            "min": 40
        },
        "http_req_failed": {
            "passes": 0,
            "fails": 13311,
            "thresholds": {
                "rate<0.20": false
            },
            "value": 0
        }
    },
    "setup_data": {
        "queueId": "523bece8-b425-4059-a7a7-8ba7f1f0d4e4"
    },
    "root_group": {
        "name": "",
        "path": "",
        "id": "d41d8cd98f00b204e9800998ecf8427e",
        "groups": {
            "setup": {
                "groups": {},
                "checks": {
                        "login ok": {
                            "passes": 1,
                            "fails": 0,
                            "name": "login ok",
                            "path": "::setup::login ok",
                            "id": "65474b9d4039908543e738715d924333"
                        },
                        "resource created": {
                            "fails": 0,
                            "name": "resource created",
                            "path": "::setup::resource created",
                            "id": "3631397648c6c9c3f770d731d5dbfb9a",
                            "passes": 1
                        },
                        "queue created": {
                            "passes": 1,
                            "fails": 0,
                            "name": "queue created",
                            "path": "::setup::queue created",
                            "id": "98455998b2e49b6c74a1696228365220"
                        },
                        "queue open": {
                            "passes": 1,
                            "fails": 0,
                            "name": "queue open",
                            "path": "::setup::queue open",
                            "id": "e4c0ab04b7fde7bda8d173c2cca72af1"
                        }
                    },
                "name": "setup",
                "path": "::setup",
                "id": "5c0f8025f7e0b6654089e5b00e950f1a"
            }
        },
        "checks": {
            "entry accepted or conflict": {
                "fails": 0,
                "name": "entry accepted or conflict",
                "path": "::entry accepted or conflict",
                "id": "959345e670ba79c4970687a101b8a750",
                "passes": 3114
            },
            "entry read": {
                "passes": 10139,
                "fails": 0,
                "name": "entry read",
                "path": "::entry read",
                "id": "f236687bac44898458c17f06f0392a9d"
            },
            "reservation confirmed": {
                "name": "reservation confirmed",
                "path": "::reservation confirmed",
                "id": "d868d662b29353116d7ac664feea98d9",
                "passes": 54,
                "fails": 0
            }
        }
    }
}