{
  "sample_count": 43,
  "container_count": 13,
  "cpu_avg": 1.453027906976744,
  "mem_avg_gb": 1.7838765079813952,
  "rx_bytes": 52945870.0,
  "tx_bytes": 54443620.0,
  "errors": []
}