{
  "sample_count": 43,
  "container_count": 9,
  "cpu_avg": 1.1912093023255814,
  "mem_avg_gb": 1.0939673919106978,
  "rx_bytes": 37556890.0,
  "tx_bytes": 38931870.0,
  "errors": []
}