sample_count,container_count,cpu_avg,mem_avg_gb,rx_bytes,tx_bytes,errors
43,13,1.7329023255813951,1.7452469681413953,52493160.0,53997790.0,[]
