{
    "metrics": {
        "http_req_tls_handshaking": {
            "p(95)": 0,
            "avg": 0,
            "min": 0,
            "med": 0,
            "max": 0,
            "p(90)": 0
        },
        "data_received": {
            "count": 8648790,
            "rate": 47782.64057207897
        },
        "vus_max": {
            "value": 80,
            "min": 80,
            "max": 80
        },
        "http_req_blocked": {
            "p(90)": 0.011996,
            "p(95)": 0.015375,
            "avg": 0.01427832033906662,
            "min": 0.001935,
            "med": 0.006877,
            "max": 32.824933
        },
        "http_req_receiving": {
            "med": 0.132232,
            "max": 4.895397,
            "p(90)": 0.299955,
            "p(95)": 0.40404249999999997,
            "avg": 0.17207688699423354,
            "min": 0.017063
        },
        "iteration_duration": {
            "p(90)": 4052.4121781,
            "p(95)": 4064.8213713,
            "avg": 2919.8249385159406,
            "min": 1020.33745,
            "med": 3044.5634179999997,
            "max": 4136.204404
        },
        "http_req_failed": {
            "passes": 0,
            "fails": 20291,
            "thresholds": {
                "rate<0.20": false
            },
            "value": 0
        },
        "http_req_sending": {
            "min": 0.006376,
            "med": 0.038565,
            "max": 6.811589,
            "p(90)": 0.071937,
            "p(95)": 0.0882075,
            "avg": 0.043462258045438865
        },
        "vus": {
            "value": 2,
            "min": 2,
            "max": 80
        },
        "http_req_duration": {
            "med": 6.453537,
            "max": 285.551951,
            "p(90)": 22.58871,
            "p(95)": 28.9461955,
            "avg": 10.419961910157296,
            "min": 1.982751,
            "thresholds": {
                "p(95)<5000": false
            }
        },
        "checks": {
            "passes": 20291,
            "fails": 0,
            "value": 1
        },
        "data_sent": {
            "count": 4235201,
            "rate": 23398.543279870297
        },
        "http_req_waiting": {
            "avg": 10.204422765117508,
            "min": 1.860098,
            "med": 6.246822,
            "max": 284.519036,
            "p(90)": 22.327259,
            "p(95)": 28.6091215
        },
        "http_req_duration{expected_response:true}": {
            "p(90)": 22.58871,
            "p(95)": 28.9461955,
            "avg": 10.419961910157296,
            "min": 1.982751,
            "med": 6.453537,
            "max": 285.551951
        },
        "iterations": {
            "count": 4140,
            "rate": 22.87257893513508
        },
        "http_reqs": {
            "rate": 112.10326066976472,
            "count": 20291
        },
        "http_req_connecting": {
            "p(95)": 0,
            "avg": 0.005079637918288896,
            "min": 0,
            "med": 0,
            "max": 32.64716,
            "p(90)": 0
        }
    },
    "setup_data": {
        "queueId": "bae779c8-55f1-473b-9b10-7163c9db80a7"
    },
    "root_group": {
        "name": "",
        "path": "",
        "id": "d41d8cd98f00b204e9800998ecf8427e",
        "groups": {
            "setup": {
                "name": "setup",
                "path": "::setup",
                "id": "5c0f8025f7e0b6654089e5b00e950f1a",
                "groups": {},
                "checks": {
                        "login ok": {
                            "name": "login ok",
                            "path": "::setup::login ok",
                            "id": "65474b9d4039908543e738715d924333",
                            "passes": 1,
                            "fails": 0
                        },
                        "resource created": {
                            "name": "resource created",
                            "path": "::setup::resource created",
                            "id": "3631397648c6c9c3f770d731d5dbfb9a",
                            "passes": 1,
                            "fails": 0
                        },
                        "queue created": {
                            "passes": 1,
                            "fails": 0,
                            "name": "queue created",
                            "path": "::setup::queue created",
                            "id": "98455998b2e49b6c74a1696228365220"
                        },
                        "queue open": {
                            "fails": 0,
                            "name": "queue open",
                            "path": "::setup::queue open",
                            "id": "e4c0ab04b7fde7bda8d173c2cca72af1",
                            "passes": 1
                        }
                    }
            }
        },
        "checks": {
            "entry accepted or conflict": {
                "id": "959345e670ba79c4970687a101b8a750",
                "passes": 4140,
                "fails": 0,
                "name": "entry accepted or conflict",
                "path": "::entry accepted or conflict"
            },
            "entry read": {
                "path": "::entry read",
                "id": "f236687bac44898458c17f06f0392a9d",
                "passes": 16004,
                "fails": 0,
                "name": "entry read"
            },
            "reservation confirmed": {
                "name": "reservation confirmed",
                "path": "::reservation confirmed",
                "id": "d868d662b29353116d7ac664feea98d9",
                "passes": 143,
                "fails": 0
            }
        }
    }
}