sample_count,container_count,cpu_avg,mem_avg_gb,rx_bytes,tx_bytes,errors
44,5,0.6508840909090909,0.43889697512727266,44373450.0,49054590.0,[]
