sample_count,container_count,cpu_avg,mem_avg_gb,rx_bytes,tx_bytes,errors
44,13,1.5730477272727272,1.8114236192581818,78613090.0,81485190.0,[]
